Dealer,Product,Region,Inventory_Level,Consumption_Pattern,Stock_Movement,Risk_Level,Stockout_Risk,Seasonality,Forecast_Requirement,Alert
Dealer_C,Product_Z,South,812,56,normal,high,False,high_demand,4919,True
Dealer_C,Product_Z,South,73,69,drop,low,False,steady,1874,False
Dealer_D,Product_W,South,308,98,spike,medium,True,steady,9509,True
Dealer_D,Product_W,Central,496,4,spike,low,False,steady,8224,True
Dealer_B,Product_X,Central,227,90,normal,low,False,steady,3740,True
Dealer_B,Product_Z,West,452,90,spike,high,True,high_demand,8289,False
Dealer_C,Product_W,East,491,18,normal,medium,False,steady,1962,False
Dealer_C,Product_Y,North,447,1,drop,high,False,high_demand,467,True
Dealer_A,Product_Z,East,214,136,normal,medium,True,high_demand,5447,True
Dealer_E,Product_X,Central,811,54,normal,high,False,steady,2434,False
Dealer_A,Product_X,West,601,9,drop,low,True,low_demand,8287,True
Dealer_A,Product_W,North,531,1,spike,medium,True,high_demand,9774,True
Dealer_B,Product_V,West,129,63,drop,low,False,steady,8900,False
Dealer_A,Product_X,West,246,61,spike,high,True,high_demand,1444,True
Dealer_D,Product_Z,Central,507,79,normal,medium,False,low_demand,6754,True
Dealer_A,Product_X,Central,124,13,spike,high,False,steady,257,True
Dealer_C,Product_X,Central,250,12,spike,high,False,high_demand,3930,False
Dealer_A,Product_W,East,360,71,drop,medium,False,high_demand,2206,True
Dealer_C,Product_V,East,305,51,normal,low,False,high_demand,6999,False
Dealer_A,Product_Z,West,619,63,spike,low,True,low_demand,3727,True
Dealer_A,Product_V,South,667,44,spike,low,True,steady,9081,False
Dealer_B,Product_Z,North,673,12,drop,low,False,high_demand,5298,True
Dealer_C,Product_V,East,386,46,drop,medium,True,low_demand,655,True
Dealer_A,Product_W,West,519,51,drop,low,True,low_demand,5287,True
Dealer_C,Product_Z,North,395,87,drop,low,False,steady,1517,False
Dealer_B,Product_Z,North,541,78,spike,high,False,steady,472,True
Dealer_A,Product_X,North,740,54,normal,low,True,steady,5298,False
Dealer_E,Product_X,North,406,96,normal,high,False,steady,5501,True
Dealer_D,Product_Z,West,274,94,normal,low,False,steady,6287,True
Dealer_E,Product_Z,East,423,12,drop,medium,True,steady,7702,False
Dealer_B,Product_X,North,924,32,drop,low,False,low_demand,1762,True
Dealer_A,Product_V,Central,137,95,normal,medium,False,high_demand,8788,True
Dealer_A,Product_Z,Central,520,72,drop,high,True,steady,1094,True
Dealer_A,Product_Y,East,967,51,spike,medium,False,high_demand,466,True
Dealer_B,Product_W,South,684,39,spike,low,False,high_demand,6099,False
Dealer_B,Product_W,South,138,75,normal,medium,True,steady,5519,False
Dealer_B,Product_W,South,113,43,drop,high,True,low_demand,6771,True
Dealer_C,Product_W,Central,883,30,spike,low,True,low_demand,9225,False
Dealer_A,Product_X,East,659,84,drop,medium,False,steady,1769,True
Dealer_B,Product_V,East,895,33,normal,low,False,high_demand,6769,False
Dealer_E,Product_V,Central,741,58,drop,high,False,steady,296,True
Dealer_A,Product_X,West,190,51,normal,high,True,steady,1716,True
Dealer_A,Product_W,South,520,45,drop,low,True,low_demand,7529,False
Dealer_C,Product_Y,North,1345,50,drop,low,False,steady,4214,False
Dealer_D,Product_X,Central,520,77,drop,high,True,high_demand,6268,True
Dealer_D,Product_Y,South,563,27,spike,medium,False,low_demand,6250,True
Dealer_B,Product_Y,North,745,80,spike,low,False,high_demand,4090,False
Dealer_D,Product_X,North,38,85,spike,high,False,steady,2329,True
Dealer_B,Product_W,West,480,90,normal,high,True,high_demand,7902,True
Dealer_A,Product_W,South,520,12,spike,medium,False,low_demand,5893,True
Dealer_C,Product_Z,West,176,13,spike,high,True,steady,2533,True
Dealer_D,Product_X,Central,917,48,drop,low,False,steady,3704,True
Dealer_B,Product_W,Central,668,20,drop,high,True,low_demand,8990,False
Dealer_C,Product_W,North,90,64,spike,medium,True,steady,6318,True
Dealer_D,Product_W,Central,706,10,normal,low,False,high_demand,6873,False
Dealer_E,Product_Z,West,373,51,normal,low,False,high_demand,7082,True
Dealer_B,Product_Y,Central,93,17,spike,medium,True,low_demand,1225,False
Dealer_A,Product_Z,Central,287,46,normal,high,False,steady,2825,True
Dealer_B,Product_Z,East,989,76,normal,high,False,low_demand,7114,False
Dealer_A,Product_V,Central,758,63,normal,high,False,steady,1723,False
Dealer_B,Product_V,South,304,70,drop,high,True,steady,5769,False
Dealer_D,Product_V,East,206,51,drop,medium,True,low_demand,8643,False
Dealer_A,Product_Z,Central,441,94,drop,medium,True,steady,841,False
Dealer_C,Product_X,East,534,52,drop,low,True,steady,8106,True
Dealer_E,Product_Y,Central,794,1,spike,low,True,low_demand,5570,True
Dealer_E,Product_W,East,21,64,normal,low,True,low_demand,1710,True
Dealer_B,Product_W,Central,240,30,spike,high,True,steady,5298,False
Dealer_D,Product_V,Central,753,59,drop,low,False,high_demand,993,True
Dealer_E,Product_W,South,178,57,spike,low,True,steady,3971,True
Dealer_A,Product_W,North,279,6,drop,high,True,steady,5298,False
Dealer_B,Product_Y,Central,866,136,drop,low,False,low_demand,5298,False
Dealer_B,Product_W,North,973,51,normal,medium,True,low_demand,4312,True
Dealer_C,Product_Z,East,995,76,normal,low,False,high_demand,6139,False
Dealer_E,Product_X,North,452,9,spike,low,True,low_demand,7408,False
Dealer_D,Product_W,West,627,51,drop,medium,False,steady,5706,False
Dealer_E,Product_Z,East,171,24,spike,low,True,high_demand,938,False
Dealer_D,Product_Y,West,904,70,drop,high,True,steady,3756,True
Dealer_C,Product_Y,West,54,44,spike,high,False,steady,4545,False
Dealer_C,Product_Z,East,48,136,drop,low,False,low_demand,9489,False
Dealer_C,Product_Y,South,520,77,drop,medium,False,steady,2978,True
Dealer_E,Product_Z,West,267,45,normal,low,False,high_demand,5298,False
Dealer_E,Product_V,Central,954,91,drop,low,True,low_demand,7303,True
Dealer_C,Product_V,East,527,71,drop,high,False,low_demand,1551,True
Dealer_A,Product_V,East,428,44,spike,low,True,low_demand,2957,True
Dealer_E,Product_V,East,1345,64,drop,low,False,steady,5052,False
Dealer_A,Product_Y,West,21,5,drop,medium,False,high_demand,4183,False
Dealer_D,Product_V,East,719,136,drop,low,False,low_demand,5676,True
Dealer_A,Product_Z,Central,590,91,spike,low,False,low_demand,5607,False
Dealer_A,Product_X,South,986,51,spike,high,False,low_demand,4540,False
Dealer_B,Product_V,Central,607,72,spike,low,False,high_demand,3065,False
Dealer_C,Product_X,South,177,42,drop,high,False,high_demand,1240,False
Dealer_B,Product_Z,South,181,51,spike,low,True,steady,6946,False
Dealer_C,Product_Z,North,761,136,spike,medium,False,low_demand,3040,False
Dealer_C,Product_Z,Central,333,3,drop,medium,False,low_demand,7555,False
Dealer_E,Product_V,Central,382,34,normal,medium,False,steady,9472,False
Dealer_B,Product_Y,West,981,75,normal,low,False,low_demand,2919,True
Dealer_A,Product_W,North,518,55,spike,low,True,low_demand,333,True
Dealer_B,Product_Z,West,561,31,drop,medium,True,steady,8789,True
Dealer_C,Product_Y,East,793,76,spike,high,True,steady,6752,False
Dealer_E,Product_X,South,211,18,normal,high,False,steady,9430,False
Dealer_E,Product_W,West,785,15,drop,low,True,high_demand,2770,True
Dealer_A,Product_X,East,905,42,normal,medium,False,low_demand,5968,False
Dealer_E,Product_X,Central,316,44,drop,medium,False,low_demand,6154,False
Dealer_A,Product_W,South,848,67,drop,high,True,low_demand,6827,False
Dealer_A,Product_Z,West,245,11,normal,low,False,high_demand,7007,False
Dealer_D,Product_X,Central,631,61,spike,low,False,high_demand,704,True
Dealer_B,Product_Y,Central,1345,72,drop,low,False,low_demand,13546,True
Dealer_A,Product_V,North,977,76,normal,high,True,high_demand,502,True
Dealer_A,Product_Y,North,476,95,drop,low,True,steady,7066,True
Dealer_A,Product_Y,South,857,75,drop,low,False,low_demand,5076,True
Dealer_B,Product_W,East,890,94,spike,medium,True,high_demand,7744,True
Dealer_A,Product_W,West,635,1,drop,low,True,low_demand,4755,True
Dealer_E,Product_Z,North,581,16,normal,low,False,low_demand,5298,True
Dealer_A,Product_V,South,277,83,normal,medium,True,steady,4693,False
Dealer_A,Product_Y,East,141,32,spike,low,False,low_demand,4235,False
Dealer_A,Product_W,East,520,22,normal,medium,False,low_demand,7711,False
Dealer_A,Product_W,West,723,66,drop,medium,True,low_demand,3734,False
Dealer_A,Product_W,Central,767,96,normal,medium,True,steady,13546,False
Dealer_A,Product_W,West,520,16,drop,low,False,high_demand,7836,True
Dealer_B,Product_W,Central,665,68,normal,low,False,steady,6599,True
Dealer_A,Product_X,West,525,15,drop,medium,True,high_demand,1560,True
Dealer_C,Product_W,South,735,1,normal,medium,False,low_demand,6190,True
Dealer_A,Product_X,East,545,53,spike,low,False,high_demand,8575,False
Dealer_A,Product_Z,South,42,24,normal,high,False,low_demand,8703,True
Dealer_C,Product_W,South,878,84,drop,low,True,steady,7693,True
Dealer_B,Product_V,North,83,54,spike,high,False,high_demand,5209,True
Dealer_A,Product_W,West,972,11,drop,low,True,low_demand,2572,True
Dealer_A,Product_X,South,677,51,normal,high,False,low_demand,2923,True
Dealer_B,Product_V,South,730,14,drop,low,False,low_demand,13546,True
Dealer_A,Product_Y,Central,1345,42,spike,low,False,steady,7294,False
Dealer_E,Product_X,East,886,88,normal,low,True,high_demand,5122,False
Dealer_A,Product_W,South,865,84,spike,medium,True,low_demand,916,False
Dealer_D,Product_X,Central,444,51,spike,low,False,steady,7804,False
Dealer_D,Product_Y,North,359,57,normal,high,True,low_demand,6302,True
Dealer_A,Product_W,North,148,3,normal,high,False,steady,6111,True
Dealer_A,Product_Y,North,663,26,drop,medium,True,low_demand,5298,True
Dealer_D,Product_X,North,429,61,drop,low,True,high_demand,8750,True
Dealer_B,Product_Z,Central,792,70,drop,medium,True,high_demand,7359,True
Dealer_A,Product_W,Central,488,43,normal,low,False,steady,3546,True
Dealer_D,Product_Z,West,701,80,drop,medium,False,high_demand,5362,True
Dealer_E,Product_W,Central,409,26,drop,medium,False,low_demand,8072,True
Dealer_E,Product_X,South,754,136,drop,high,True,steady,1222,False
Dealer_E,Product_Y,North,790,41,drop,low,False,high_demand,4593,False
Dealer_D,Product_Z,West,378,90,normal,low,True,steady,7167,True
Dealer_E,Product_W,North,900,74,spike,medium,True,low_demand,7433,True
Dealer_E,Product_Z,South,343,2,spike,low,True,steady,8666,False
Dealer_A,Product_W,Central,933,136,spike,high,False,steady,8546,False
Dealer_E,Product_Z,South,445,29,drop,medium,True,steady,6202,True
Dealer_B,Product_V,West,987,17,drop,low,True,low_demand,3702,True
Dealer_C,Product_X,South,712,136,drop,medium,False,high_demand,5071,False
Dealer_C,Product_Y,South,576,51,drop,medium,False,high_demand,8815,True
Dealer_D,Product_W,North,400,96,drop,high,False,steady,5760,True
Dealer_E,Product_Z,North,141,60,spike,medium,True,high_demand,9521,False
Dealer_D,Product_X,Central,479,90,normal,high,False,high_demand,2296,False
Dealer_E,Product_X,West,951,76,spike,medium,True,low_demand,7020,False
Dealer_E,Product_Y,South,481,2,drop,high,False,low_demand,2199,False
Dealer_A,Product_W,East,519,51,drop,low,True,steady,5287,True
Dealer_B,Product_Y,East,953,7,normal,low,False,high_demand,3024,True
Dealer_B,Product_X,North,191,51,drop,medium,True,low_demand,7160,False
Dealer_E,Product_V,Central,702,61,normal,high,True,high_demand,13546,True
Dealer_A,Product_Y,West,300,51,drop,medium,True,steady,8007,False
Dealer_C,Product_Y,Central,634,97,spike,high,True,steady,6802,True
Dealer_B,Product_V,Central,366,46,drop,high,True,high_demand,1317,True
Dealer_C,Product_Y,South,480,85,drop,high,False,high_demand,3168,True
Dealer_A,Product_W,North,716,13,spike,high,True,low_demand,5336,False
Dealer_D,Product_W,West,440,68,drop,low,True,steady,5298,True
Dealer_C,Product_Y,East,117,7,normal,high,False,steady,7059,False
Dealer_E,Product_V,North,178,39,drop,low,False,low_demand,3873,False
Dealer_C,Product_X,East,266,12,drop,high,False,steady,5849,True
Dealer_A,Product_X,East,804,74,normal,high,False,steady,5298,True
Dealer_E,Product_V,East,802,136,drop,low,True,low_demand,5298,False
Dealer_A,Product_X,West,554,51,spike,medium,True,high_demand,8356,False
Dealer_A,Product_W,North,606,4,normal,low,False,low_demand,336,False
Dealer_E,Product_X,North,868,87,normal,medium,True,steady,4226,False
Dealer_E,Product_X,East,646,5,drop,low,False,high_demand,125,True
Dealer_A,Product_X,South,694,62,normal,low,True,low_demand,9146,True
Dealer_D,Product_W,East,632,61,spike,low,False,low_demand,13546,True
Dealer_B,Product_V,South,629,96,spike,high,True,high_demand,4143,True
Dealer_D,Product_X,East,701,52,normal,high,False,high_demand,1964,False
Dealer_B,Product_Y,Central,18,5,normal,high,False,steady,4483,True
Dealer_D,Product_Z,Central,243,74,drop,high,True,low_demand,8363,False
Dealer_D,Product_X,West,108,14,spike,low,False,high_demand,6719,True
Dealer_E,Product_Y,West,927,42,spike,low,False,steady,1229,False
Dealer_B,Product_Z,North,439,21,normal,high,False,steady,489,True
Dealer_E,Product_Y,Central,804,75,drop,medium,False,low_demand,6626,False
Dealer_A,Product_W,Central,394,46,drop,medium,False,high_demand,1270,True
Dealer_E,Product_X,East,918,41,normal,medium,False,low_demand,1678,False
Dealer_A,Product_W,Central,519,51,drop,high,False,low_demand,5287,True
Dealer_C,Product_Z,South,520,64,spike,low,True,steady,2286,False
Dealer_B,Product_X,South,265,51,spike,medium,True,high_demand,9580,True
Dealer_E,Product_X,North,248,49,spike,medium,False,low_demand,2961,True
Dealer_A,Product_V,Central,344,28,normal,low,False,steady,8892,False
Dealer_A,Product_W,South,54,4,drop,medium,False,high_demand,1549,True
Dealer_B,Product_Y,West,488,77,drop,medium,True,low_demand,5608,False
Dealer_A,Product_X,North,995,51,spike,low,True,low_demand,2127,False
Dealer_A,Product_V,North,18,39,normal,low,True,steady,7926,False
Dealer_C,Product_V,West,774,63,normal,low,True,steady,8769,False
Dealer_D,Product_Z,Central,828,82,drop,low,True,high_demand,7932,False
Dealer_B,Product_W,East,585,35,spike,high,False,high_demand,4194,False
Dealer_D,Product_Y,North,153,55,drop,low,False,high_demand,3586,False
Dealer_E,Product_X,Central,519,51,spike,low,False,high_demand,5287,False
Dealer_E,Product_V,North,159,72,spike,low,False,high_demand,7621,True
Dealer_A,Product_Y,South,965,45,drop,low,False,low_demand,3047,False
Dealer_B,Product_Y,East,675,94,normal,medium,False,steady,106,True
Dealer_C,Product_Z,Central,540,3,spike,high,True,low_demand,4971,False
Dealer_E,Product_V,Central,989,68,drop,low,False,low_demand,774,True
Dealer_A,Product_V,East,176,55,spike,high,False,steady,1567,True
Dealer_E,Product_W,North,67,59,normal,low,False,steady,3404,False
Dealer_B,Product_W,East,520,50,drop,high,False,low_demand,8863,True
Dealer_C,Product_W,East,510,51,drop,medium,True,low_demand,9792,True
Dealer_D,Product_Z,East,279,79,spike,low,False,high_demand,773,True
Dealer_E,Product_W,West,790,51,spike,low,False,low_demand,6676,True
Dealer_C,Product_V,North,409,94,normal,low,False,high_demand,5559,True
Dealer_A,Product_Z,Central,519,51,normal,high,True,steady,5287,True
Dealer_E,Product_Y,Central,854,54,spike,low,True,high_demand,6998,False
Dealer_D,Product_Z,Central,343,54,drop,medium,True,steady,9534,True
Dealer_A,Product_V,North,311,38,normal,low,True,low_demand,9116,False
Dealer_B,Product_V,North,487,45,spike,high,True,steady,6651,True
Dealer_A,Product_V,West,400,58,normal,high,True,low_demand,1366,True
Dealer_D,Product_Z,Central,216,27,spike,low,True,low_demand,7350,True
Dealer_D,Product_V,East,811,20,spike,medium,False,low_demand,5499,False
Dealer_D,Product_W,Central,549,66,spike,high,True,high_demand,1184,False
Dealer_E,Product_X,Central,880,36,drop,high,False,low_demand,8620,False
Dealer_D,Product_W,West,859,31,drop,low,True,steady,4158,False
Dealer_C,Product_W,East,651,89,spike,medium,False,steady,4205,True
Dealer_B,Product_Y,East,748,79,drop,medium,False,high_demand,9772,False
Dealer_C,Product_V,Central,520,9,normal,low,False,steady,9803,False
Dealer_A,Product_Z,West,784,69,spike,medium,True,steady,5298,True
Dealer_A,Product_W,Central,354,33,drop,medium,False,low_demand,5481,True
Dealer_D,Product_V,East,749,4,drop,low,True,low_demand,7959,False
Dealer_B,Product_W,East,519,51,spike,high,False,steady,5287,False
Dealer_A,Product_Y,West,877,83,spike,high,False,low_demand,5298,False
Dealer_E,Product_X,West,472,11,drop,high,False,low_demand,4295,False
Dealer_C,Product_X,East,52,78,normal,low,True,low_demand,8333,True
Dealer_B,Product_X,South,116,57,normal,low,False,low_demand,5298,True
Dealer_A,Product_V,West,519,51,spike,low,True,steady,5287,True
Dealer_C,Product_Z,North,551,5,normal,low,False,steady,3428,True
Dealer_B,Product_W,Central,628,42,spike,medium,False,steady,8416,False
Dealer_A,Product_X,North,520,60,drop,low,False,low_demand,9416,False
Dealer_A,Product_W,South,520,65,normal,high,False,steady,2527,True
Dealer_B,Product_V,North,519,51,spike,high,True,low_demand,5287,False
Dealer_D,Product_Y,West,929,12,drop,low,True,low_demand,8476,True
Dealer_C,Product_X,East,39,26,spike,high,False,steady,4497,True
Dealer_D,Product_W,East,832,29,drop,high,True,steady,2740,False
Dealer_B,Product_X,North,520,136,drop,low,False,low_demand,1764,True
Dealer_B,Product_Z,East,189,23,spike,medium,True,low_demand,6538,True
Dealer_E,Product_Y,Central,519,51,drop,medium,True,low_demand,5287,True
Dealer_D,Product_V,West,989,62,normal,low,False,steady,4769,True
Dealer_B,Product_Y,Central,511,58,drop,medium,False,high_demand,5193,False
Dealer_B,Product_Z,North,195,22,drop,low,True,high_demand,1222,False
Dealer_B,Product_V,East,519,51,spike,medium,True,high_demand,5287,True
Dealer_B,Product_X,South,561,136,normal,high,True,steady,552,False
Dealer_B,Product_X,North,734,98,normal,high,False,low_demand,6867,True
Dealer_A,Product_X,North,774,4,normal,high,False,steady,589,True
Dealer_B,Product_Z,East,204,25,spike,low,False,low_demand,1662,True
Dealer_A,Product_V,Central,520,13,drop,high,True,high_demand,4088,True
Dealer_E,Product_W,East,161,99,normal,medium,False,low_demand,1818,False
Dealer_C,Product_X,North,360,72,spike,medium,True,low_demand,1063,False
Dealer_A,Product_Y,South,499,16,drop,low,False,high_demand,1499,False
Dealer_A,Product_Z,North,928,136,spike,low,False,low_demand,1655,False
Dealer_A,Product_V,East,748,33,normal,low,True,low_demand,4030,False
Dealer_D,Product_W,East,282,32,normal,medium,False,high_demand,372,True
Dealer_A,Product_Y,North,258,96,drop,high,False,steady,7803,False
Dealer_A,Product_V,East,750,6,drop,medium,True,steady,7517,True
Dealer_A,Product_Z,North,18,17,drop,medium,False,low_demand,6032,True
Dealer_D,Product_W,East,891,50,drop,high,False,low_demand,8584,False
Dealer_A,Product_X,Central,774,136,spike,medium,False,low_demand,335,False
Dealer_B,Product_Z,East,798,8,spike,low,False,steady,6750,False
Dealer_B,Product_V,West,100,20,drop,low,True,low_demand,2618,True
Dealer_A,Product_Z,West,408,52,drop,high,True,high_demand,3331,False
Dealer_A,Product_Y,South,494,11,normal,low,True,low_demand,8323,False
Dealer_B,Product_Z,South,520,72,drop,low,False,low_demand,5579,True
Dealer_E,Product_Z,Central,278,86,drop,medium,False,low_demand,9673,True
Dealer_A,Product_W,North,109,90,spike,high,True,low_demand,1257,False
Dealer_C,Product_W,West,775,76,normal,medium,True,steady,6535,False
Dealer_D,Product_Z,South,42,81,drop,low,True,low_demand,3238,True
Dealer_C,Product_Y,West,268,99,spike,low,True,low_demand,5298,False
Dealer_B,Product_V,East,956,59,normal,low,False,high_demand,9651,False
Dealer_B,Product_V,West,586,13,drop,low,False,steady,7580,True
Dealer_C,Product_V,South,482,62,drop,low,False,low_demand,9902,True
Dealer_B,Product_Y,West,520,74,drop,high,True,steady,9010,False
Dealer_B,Product_Y,Central,243,21,drop,high,False,steady,2204,False
Dealer_A,Product_W,Central,676,72,drop,low,False,low_demand,8942,True
Dealer_D,Product_V,Central,392,14,normal,low,False,high_demand,4876,False
Dealer_A,Product_X,North,349,69,drop,medium,True,low_demand,2080,True
Dealer_A,Product_W,South,213,80,spike,low,True,low_demand,3823,False
Dealer_C,Product_V,West,519,51,drop,medium,False,high_demand,5287,False
Dealer_B,Product_X,West,557,45,drop,medium,False,steady,5626,True
Dealer_A,Product_W,East,920,27,normal,low,False,high_demand,3836,True
Dealer_E,Product_Y,West,708,136,spike,medium,False,high_demand,4822,True
Dealer_B,Product_Y,North,1345,13,normal,medium,True,steady,5298,True
Dealer_C,Product_V,East,968,21,spike,low,True,steady,7056,False
Dealer_E,Product_V,West,981,30,drop,medium,True,high_demand,3849,True
Dealer_A,Product_Y,West,21,48,drop,low,False,steady,1458,True
Dealer_C,Product_V,Central,905,59,drop,low,True,high_demand,7166,False
Dealer_B,Product_V,East,471,47,drop,medium,False,steady,5877,False
Dealer_E,Product_Y,Central,991,29,drop,low,True,low_demand,1346,False
Dealer_A,Product_V,Central,449,51,normal,high,False,low_demand,4068,True
Dealer_D,Product_Z,East,83,60,spike,high,True,steady,4222,True
Dealer_D,Product_X,West,790,81,drop,low,True,low_demand,4930,True
Dealer_D,Product_V,Central,825,21,normal,high,True,high_demand,6718,True
Dealer_A,Product_W,North,139,6,normal,high,False,steady,7421,True
Dealer_B,Product_W,East,310,61,normal,medium,True,low_demand,3702,False
Dealer_D,Product_Z,East,1345,49,drop,medium,True,high_demand,1214,False
Dealer_A,Product_Z,Central,805,64,drop,medium,False,steady,8228,True
Dealer_A,Product_Z,East,190,53,drop,high,False,high_demand,5894,True
Dealer_C,Product_W,North,757,31,drop,medium,True,high_demand,9599,True
Dealer_E,Product_Z,West,909,27,normal,low,True,low_demand,6159,True
Dealer_A,Product_Z,Central,579,13,spike,high,True,low_demand,3940,False
Dealer_A,Product_W,Central,196,61,drop,low,False,high_demand,5046,True
Dealer_B,Product_X,Central,519,51,spike,low,True,low_demand,5287,True
Dealer_A,Product_W,West,367,51,drop,high,True,low_demand,7143,False
Dealer_D,Product_W,West,91,1,normal,high,True,high_demand,6758,False
Dealer_C,Product_V,South,954,90,spike,medium,False,steady,8653,True
Dealer_C,Product_V,North,678,99,drop,medium,False,steady,7138,False
Dealer_E,Product_W,North,979,51,drop,high,True,steady,3601,True
Dealer_C,Product_Y,North,167,74,drop,medium,False,high_demand,8104,True
Dealer_B,Product_V,East,105,51,drop,low,False,steady,9727,True
Dealer_B,Product_X,East,74,42,drop,high,True,high_demand,6219,True
Dealer_A,Product_Z,West,444,14,drop,medium,False,steady,2851,True
Dealer_C,Product_Y,South,590,69,normal,medium,False,high_demand,2249,True
Dealer_A,Product_X,East,64,9,spike,low,False,low_demand,6492,True
Dealer_A,Product_V,Central,633,51,drop,high,False,low_demand,13546,True
Dealer_D,Product_W,East,520,54,normal,medium,False,steady,2924,False
Dealer_A,Product_Y,West,700,96,drop,high,True,steady,4330,True
Dealer_A,Product_W,North,373,66,drop,high,False,steady,3442,False
Dealer_C,Product_W,East,486,48,spike,medium,False,high_demand,7597,False
Dealer_B,Product_X,South,692,136,drop,medium,True,steady,7727,False
Dealer_A,Product_V,South,635,13,spike,low,False,low_demand,1946,True
Dealer_D,Product_Y,Central,519,51,normal,high,True,low_demand,5287,True
Dealer_E,Product_X,North,297,54,normal,medium,False,low_demand,502,True
Dealer_E,Product_Z,East,29,33,drop,medium,False,low_demand,5534,True
Dealer_D,Product_W,South,607,91,normal,low,False,low_demand,2322,False
Dealer_E,Product_X,Central,586,99,spike,high,False,steady,3170,False
Dealer_A,Product_W,East,484,30,drop,medium,False,low_demand,1793,True
Dealer_A,Product_V,Central,994,94,drop,medium,True,high_demand,7873,True
Dealer_D,Product_X,South,78,46,spike,medium,False,high_demand,6167,True
Dealer_B,Product_X,North,445,31,drop,low,True,low_demand,3874,False
Dealer_E,Product_Y,East,847,83,spike,medium,False,steady,3210,True
Dealer_C,Product_V,South,519,51,drop,high,False,low_demand,5287,False
Dealer_D,Product_X,North,272,18,drop,low,False,low_demand,5889,True
Dealer_E,Product_V,West,74,61,drop,low,False,steady,1279,False
Dealer_A,Product_W,Central,617,51,spike,low,True,low_demand,180,False
Dealer_B,Product_Z,South,391,22,spike,medium,False,high_demand,2930,False
Dealer_D,Product_V,East,572,33,spike,medium,True,steady,3082,True
Dealer_B,Product_V,East,583,36,drop,high,False,low_demand,4179,True
Dealer_E,Product_V,North,520,5,spike,high,True,low_demand,5044,True
Dealer_E,Product_W,West,137,77,spike,medium,True,steady,6544,True
Dealer_E,Product_W,North,853,83,spike,high,False,steady,9555,True
Dealer_A,Product_Z,North,891,30,spike,high,False,high_demand,3073,False
Dealer_E,Product_W,North,669,75,normal,low,False,low_demand,4762,False
Dealer_B,Product_V,North,227,37,normal,high,True,high_demand,373,False
Dealer_B,Product_W,South,217,6,spike,low,True,high_demand,8930,False
Dealer_A,Product_W,South,716,66,normal,medium,False,high_demand,7164,True
Dealer_A,Product_Z,Central,299,62,drop,high,True,low_demand,2427,False
Dealer_E,Product_Y,West,510,51,normal,high,False,low_demand,1059,False
Dealer_A,Product_V,West,308,24,drop,low,True,low_demand,7196,True
Dealer_D,Product_W,South,924,26,normal,medium,True,steady,5298,True
Dealer_E,Product_V,North,857,92,normal,high,True,steady,1733,True
Dealer_A,Product_X,North,770,26,normal,medium,True,steady,4318,False
Dealer_E,Product_V,Central,559,51,spike,low,False,steady,9526,False
Dealer_B,Product_X,East,164,27,drop,high,True,low_demand,3828,False
Dealer_A,Product_W,South,493,99,spike,medium,True,low_demand,3229,True
Dealer_B,Product_X,South,333,89,normal,high,False,high_demand,1852,False
Dealer_D,Product_V,Central,396,46,normal,medium,True,steady,2815,True
Dealer_E,Product_W,West,970,15,normal,low,True,high_demand,2303,False
Dealer_B,Product_Z,East,248,28,drop,low,False,high_demand,6517,False
Dealer_D,Product_X,West,624,14,spike,high,True,low_demand,9539,False
Dealer_B,Product_W,South,44,51,drop,low,True,low_demand,13546,False
Dealer_A,Product_Z,East,519,51,spike,low,False,low_demand,5287,True
Dealer_B,Product_Y,South,848,5,spike,low,False,high_demand,6502,False
Dealer_A,Product_X,North,694,51,spike,high,False,low_demand,611,True
Dealer_D,Product_Z,West,895,92,normal,low,True,high_demand,7012,True
Dealer_B,Product_W,West,547,5,normal,low,False,steady,103,True
Dealer_A,Product_X,Central,612,80,drop,medium,False,low_demand,4779,True
Dealer_D,Product_W,East,741,73,normal,high,False,high_demand,4034,False
Dealer_C,Product_W,North,686,24,spike,high,False,low_demand,9640,True
Dealer_A,Product_W,East,315,63,normal,medium,True,low_demand,4940,True
Dealer_A,Product_Y,South,481,20,spike,medium,False,steady,7631,True
Dealer_A,Product_Y,East,519,51,normal,high,False,low_demand,5287,True
Dealer_D,Product_X,East,514,95,spike,medium,True,low_demand,851,False
Dealer_D,Product_X,Central,725,8,drop,high,False,high_demand,1413,True
Dealer_A,Product_W,Central,551,78,spike,medium,False,low_demand,3213,True
Dealer_C,Product_V,South,315,48,spike,medium,False,steady,9821,False
Dealer_B,Product_Y,West,502,89,normal,high,True,low_demand,5330,False
Dealer_A,Product_X,East,44,68,normal,high,True,steady,5298,True
Dealer_C,Product_W,South,532,98,drop,low,False,steady,9663,True
Dealer_C,Product_W,Central,715,38,spike,low,True,high_demand,2568,True
Dealer_B,Product_Y,South,637,93,normal,medium,False,steady,9892,True
Dealer_E,Product_V,South,594,58,spike,low,False,low_demand,1103,False
Dealer_C,Product_W,East,326,5,normal,low,False,high_demand,4226,True
Dealer_D,Product_X,North,519,51,spike,low,False,low_demand,5287,False
Dealer_A,Product_Y,East,77,69,normal,low,False,steady,9108,True
Dealer_D,Product_Y,West,439,45,normal,low,True,steady,996,True
Dealer_B,Product_Z,South,492,21,drop,low,True,steady,7254,False
Dealer_C,Product_Y,West,43,46,spike,high,True,steady,3637,True
Dealer_E,Product_W,South,806,66,drop,low,True,steady,7078,True
Dealer_A,Product_Y,West,855,83,normal,medium,False,low_demand,5298,False
Dealer_E,Product_V,South,797,93,spike,medium,False,high_demand,9875,True
Dealer_E,Product_V,Central,50,29,normal,high,True,steady,6332,False
Dealer_E,Product_Y,Central,444,62,normal,medium,True,high_demand,7912,True
Dealer_E,Product_W,North,728,41,drop,medium,True,steady,2633,False
Dealer_D,Product_Y,West,999,22,normal,high,True,low_demand,3347,False
Dealer_A,Product_V,East,520,83,drop,low,True,low_demand,5298,True
Dealer_B,Product_Y,South,213,22,normal,medium,False,high_demand,6166,False
Dealer_E,Product_W,West,121,34,spike,medium,False,steady,5298,True
Dealer_C,Product_Z,North,412,75,drop,medium,True,high_demand,4366,False
Dealer_C,Product_X,West,138,30,normal,high,True,high_demand,1778,False
Dealer_C,Product_W,South,156,75,spike,medium,False,steady,5966,True
Dealer_A,Product_W,South,494,49,spike,high,False,low_demand,3308,False
Dealer_C,Product_Y,East,471,47,normal,high,True,low_demand,2974,False
Dealer_B,Product_W,Central,560,20,drop,high,False,steady,5298,False
Dealer_E,Product_Y,North,471,59,spike,high,False,low_demand,8826,True
Dealer_A,Product_W,West,365,74,drop,low,False,high_demand,7923,True
Dealer_A,Product_V,West,319,49,normal,low,False,low_demand,7875,True
Dealer_A,Product_X,East,519,51,normal,medium,True,high_demand,5287,False
Dealer_A,Product_Z,West,54,72,spike,high,False,low_demand,5952,True
Dealer_E,Product_Z,East,230,85,normal,high,True,high_demand,7613,True
Dealer_C,Product_V,West,1345,29,drop,low,False,high_demand,5610,False
Dealer_E,Product_V,Central,466,44,spike,high,True,low_demand,6479,True
Dealer_D,Product_Y,West,786,93,drop,high,False,steady,1727,False
Dealer_D,Product_X,West,505,44,spike,low,True,high_demand,1878,True
Dealer_A,Product_Y,Central,519,51,drop,low,False,steady,5287,True
Dealer_B,Product_W,South,484,14,drop,medium,False,low_demand,6144,False
Dealer_A,Product_Y,West,237,48,drop,low,False,steady,6238,True
Dealer_A,Product_W,East,797,32,normal,high,True,high_demand,1587,False
Dealer_C,Product_Z,Central,520,49,normal,low,True,low_demand,1713,True
Dealer_E,Product_Z,South,344,95,drop,high,True,low_demand,7597,True
Dealer_C,Product_Z,North,736,25,normal,low,False,low_demand,6732,False
Dealer_D,Product_Z,West,295,73,spike,low,True,steady,3921,True
Dealer_D,Product_Z,West,84,5,drop,high,False,low_demand,595,True
Dealer_C,Product_X,South,502,58,drop,low,True,low_demand,5400,False
Dealer_A,Product_X,West,34,70,drop,medium,False,steady,5087,True
Dealer_B,Product_Y,West,91,2,drop,medium,False,low_demand,6248,False
Dealer_D,Product_W,East,451,21,normal,medium,False,high_demand,9413,False
Dealer_C,Product_V,South,842,53,drop,low,True,high_demand,8753,True
Dealer_B,Product_V,East,661,26,drop,low,True,steady,9318,True
Dealer_B,Product_Y,North,603,48,normal,low,False,low_demand,8041,False
Dealer_B,Product_X,South,1345,23,drop,high,False,high_demand,13546,True
Dealer_D,Product_Z,East,679,65,normal,medium,False,low_demand,3172,True
Dealer_C,Product_X,North,91,34,normal,medium,False,low_demand,4870,False
Dealer_A,Product_X,West,460,56,spike,high,False,steady,8689,True
Dealer_B,Product_W,Central,519,51,spike,high,False,low_demand,5287,True
Dealer_C,Product_Y,North,113,98,drop,medium,False,steady,7049,True
Dealer_E,Product_W,Central,588,27,normal,medium,True,steady,4782,False
Dealer_E,Product_Y,Central,76,71,spike,medium,False,steady,5047,True
Dealer_A,Product_Y,Central,792,72,spike,high,False,steady,7249,False
Dealer_E,Product_W,Central,358,28,normal,high,False,steady,5442,False
Dealer_A,Product_Y,North,289,41,drop,medium,False,high_demand,9782,False
Dealer_C,Product_W,East,461,44,drop,high,False,low_demand,6993,False
Dealer_E,Product_Z,North,489,77,normal,high,False,high_demand,6556,True
Dealer_D,Product_X,North,699,53,normal,high,False,low_demand,9658,False
Dealer_D,Product_W,Central,310,96,normal,high,True,low_demand,568,True
Dealer_A,Product_W,East,519,51,spike,low,True,low_demand,5287,True
Dealer_E,Product_X,North,520,66,normal,low,True,high_demand,5098,False
Dealer_E,Product_V,East,725,4,normal,high,True,steady,2915,True
Dealer_B,Product_V,South,333,92,normal,high,True,high_demand,7580,False
Dealer_E,Product_Y,West,197,51,normal,high,False,steady,2955,False
Dealer_D,Product_X,North,546,54,spike,low,False,low_demand,2730,False
Dealer_E,Product_Z,East,26,91,spike,low,True,high_demand,5298,False
Dealer_E,Product_X,Central,519,51,drop,high,True,steady,5287,False
Dealer_A,Product_W,North,652,32,drop,medium,True,high_demand,5298,True
Dealer_A,Product_Z,North,379,95,drop,high,True,steady,1974,True
Dealer_C,Product_X,Central,63,29,normal,low,False,low_demand,5298,True
Dealer_D,Product_Z,South,447,15,drop,low,False,low_demand,8194,False
Dealer_C,Product_W,Central,780,91,drop,low,False,steady,8358,True
Dealer_C,Product_X,South,583,54,drop,high,True,steady,8330,True
Dealer_E,Product_W,Central,633,84,spike,medium,True,steady,5298,True
Dealer_A,Product_V,Central,333,20,normal,medium,True,low_demand,7876,True
Dealer_B,Product_X,Central,778,46,spike,medium,True,steady,9420,True
Dealer_C,Product_Z,South,269,78,spike,medium,True,low_demand,3141,True
Dealer_D,Product_V,Central,313,37,drop,high,True,high_demand,3432,True
Dealer_B,Product_V,East,145,51,drop,medium,False,low_demand,7401,False
Dealer_E,Product_Y,South,785,67,spike,high,False,steady,7543,False
Dealer_B,Product_X,West,45,66,drop,low,True,low_demand,9689,False
Dealer_A,Product_W,South,852,136,drop,low,True,low_demand,1925,True
Dealer_D,Product_V,Central,717,27,normal,medium,False,high_demand,8355,False
Dealer_D,Product_Y,South,345,14,normal,low,True,steady,275,True
Dealer_B,Product_Z,Central,658,12,normal,medium,False,steady,9946,False
Dealer_D,Product_W,West,598,11,normal,medium,True,high_demand,13546,True
Dealer_E,Product_X,West,562,68,spike,medium,True,high_demand,6833,False
Dealer_A,Product_W,East,12,75,drop,medium,True,low_demand,1087,False
Dealer_C,Product_Y,West,28,16,spike,low,False,steady,4830,False
Dealer_B,Product_X,West,762,6,normal,low,False,steady,1826,True
Dealer_D,Product_W,South,562,89,drop,medium,False,high_demand,8936,False
Dealer_C,Product_Z,East,319,6,normal,high,False,steady,4435,True
Dealer_B,Product_W,West,482,21,spike,low,True,low_demand,761,True
Dealer_D,Product_W,West,840,22,normal,medium,False,steady,1306,True
Dealer_D,Product_W,South,341,3,drop,medium,False,steady,2439,False
Dealer_A,Product_X,North,61,15,normal,medium,True,steady,7303,False
Dealer_E,Product_X,North,171,82,drop,high,False,high_demand,506,False
Dealer_B,Product_X,West,1345,21,spike,high,True,low_demand,1272,True
Dealer_D,Product_X,South,786,65,spike,high,True,low_demand,13546,True
Dealer_A,Product_W,Central,520,136,drop,low,True,steady,4420,True
Dealer_E,Product_W,North,194,6,drop,high,False,low_demand,5567,True
Dealer_C,Product_W,North,856,5,drop,low,False,low_demand,5509,False
Dealer_D,Product_Z,Central,42,22,drop,medium,False,high_demand,8164,False
Dealer_C,Product_W,East,51,78,spike,low,False,low_demand,4532,True
Dealer_D,Product_W,North,640,79,spike,medium,False,steady,7274,False
Dealer_B,Product_Z,South,192,37,spike,medium,True,steady,273,True
Dealer_E,Product_W,East,481,74,drop,low,False,high_demand,1613,True
Dealer_D,Product_Z,North,23,73,normal,low,True,steady,2451,True
Dealer_D,Product_W,South,150,42,drop,low,False,high_demand,9620,False
Dealer_A,Product_W,Central,1345,93,drop,high,False,high_demand,3823,False
Dealer_B,Product_Y,South,828,62,spike,medium,True,high_demand,7732,False
Dealer_A,Product_W,Central,104,72,normal,medium,False,high_demand,5298,False
Dealer_B,Product_X,East,775,78,spike,medium,True,low_demand,2841,True
Dealer_E,Product_Z,North,462,96,spike,low,False,low_demand,2124,False
Dealer_B,Product_X,Central,519,51,normal,high,False,low_demand,5287,False
Dealer_C,Product_X,East,215,1,normal,medium,True,low_demand,9050,False
Dealer_B,Product_W,East,486,26,normal,medium,False,low_demand,7022,False
Dealer_C,Product_V,West,931,49,normal,medium,False,high_demand,8275,False
Dealer_B,Product_V,East,969,47,spike,high,True,low_demand,8300,False
Dealer_A,Product_X,East,182,64,normal,low,False,high_demand,7857,True
Dealer_C,Product_V,West,520,51,drop,medium,False,low_demand,9385,True
Dealer_B,Product_X,South,149,66,normal,medium,True,high_demand,7596,False
Dealer_D,Product_X,Central,289,63,spike,low,True,steady,9841,False
Dealer_A,Product_X,South,222,86,drop,low,True,low_demand,9233,False
Dealer_E,Product_X,East,582,62,spike,low,True,low_demand,2749,False
Dealer_D,Product_W,West,778,14,spike,medium,False,low_demand,5568,False
Dealer_B,Product_W,East,328,70,spike,medium,False,high_demand,6300,True
Dealer_A,Product_Z,East,90,23,normal,low,False,high_demand,7748,True
Dealer_E,Product_X,East,83,30,normal,medium,True,low_demand,5298,True
Dealer_E,Product_V,East,549,63,normal,high,True,high_demand,6894,True
Dealer_B,Product_X,East,87,48,spike,high,False,high_demand,9486,True
Dealer_B,Product_W,Central,44,48,normal,medium,True,low_demand,7654,True
Dealer_D,Product_X,Central,340,15,drop,low,False,steady,878,False
Dealer_A,Product_Z,West,271,67,spike,low,True,low_demand,1137,True
Dealer_E,Product_W,South,521,10,spike,low,False,high_demand,6726,False
Dealer_A,Product_Z,Central,519,51,drop,low,False,low_demand,5287,True
Dealer_E,Product_Z,Central,372,32,spike,low,True,steady,5597,False
Dealer_A,Product_W,East,371,95,spike,high,True,steady,2453,False
Dealer_C,Product_Y,East,858,70,spike,high,False,steady,2648,True
Dealer_C,Product_V,South,991,89,spike,medium,False,low_demand,7598,True
Dealer_E,Product_Y,North,66,136,drop,medium,False,steady,8824,True
Dealer_B,Product_Z,South,696,75,drop,medium,True,low_demand,4036,True
Dealer_A,Product_Y,North,548,87,drop,medium,False,high_demand,9373,False
Dealer_C,Product_W,North,222,28,spike,high,True,low_demand,1037,False
Dealer_B,Product_V,South,317,28,normal,high,False,steady,6439,True
Dealer_E,Product_W,West,234,4,drop,medium,False,low_demand,1358,True
Dealer_E,Product_W,West,1345,75,drop,medium,True,high_demand,2646,False
Dealer_A,Product_X,South,991,47,normal,medium,False,low_demand,6411,False
Dealer_A,Product_W,West,767,32,spike,low,False,low_demand,690,False
Dealer_A,Product_W,South,315,48,spike,high,True,high_demand,5676,True
Dealer_A,Product_W,North,476,50,spike,low,False,low_demand,2434,True
Dealer_A,Product_Z,West,429,13,normal,medium,False,steady,7687,True
Dealer_C,Product_X,West,40,82,drop,low,True,low_demand,1521,True
Dealer_A,Product_Z,Central,296,20,normal,low,False,low_demand,9469,False
Dealer_E,Product_W,North,728,37,spike,high,True,low_demand,9176,True
Dealer_E,Product_W,Central,843,67,spike,high,False,steady,6135,False
Dealer_A,Product_X,North,998,51,spike,low,False,low_demand,2379,False
Dealer_C,Product_W,West,238,62,drop,low,False,steady,4006,True
Dealer_C,Product_Z,South,11,47,normal,high,True,steady,4780,True
Dealer_C,Product_W,Central,297,81,normal,high,False,steady,6795,False
Dealer_A,Product_Z,North,122,21,normal,high,True,low_demand,7494,True
Dealer_B,Product_Y,Central,858,3,spike,high,False,high_demand,6236,False
Dealer_C,Product_W,West,272,56,normal,medium,True,low_demand,9039,True
Dealer_A,Product_V,South,520,87,spike,low,False,steady,6440,True
Dealer_A,Product_X,East,125,96,spike,medium,False,high_demand,4002,True
Dealer_A,Product_Z,South,520,79,drop,low,True,low_demand,979,True
Dealer_E,Product_W,North,742,77,drop,high,False,steady,9308,False
Dealer_D,Product_Z,North,395,58,drop,low,True,steady,4516,True
Dealer_A,Product_X,South,548,64,normal,medium,True,high_demand,7630,True
Dealer_D,Product_Y,West,231,21,spike,low,False,low_demand,13546,False
Dealer_B,Product_V,West,870,55,normal,low,False,steady,8048,False
Dealer_B,Product_V,West,728,33,spike,high,False,high_demand,7062,False
Dealer_E,Product_X,Central,933,18,drop,low,False,high_demand,2335,True
Dealer_D,Product_V,Central,748,73,normal,high,True,high_demand,2635,False
Dealer_E,Product_Y,South,520,15,drop,high,False,low_demand,4592,True
Dealer_D,Product_Y,West,459,44,spike,high,False,steady,1836,False
Dealer_C,Product_Y,East,539,83,drop,high,False,steady,7235,True
Dealer_B,Product_V,West,543,19,normal,low,False,high_demand,2571,False
Dealer_C,Product_W,North,424,51,normal,low,True,high_demand,8342,True
Dealer_D,Product_V,North,584,38,normal,medium,True,low_demand,3491,True
Dealer_E,Product_W,Central,385,28,drop,medium,True,steady,5526,False
Dealer_B,Product_V,North,701,2,normal,medium,True,steady,5298,False
Dealer_A,Product_W,Central,341,60,drop,low,True,low_demand,5075,True
Dealer_A,Product_Z,North,622,12,spike,medium,True,steady,4190,False
Dealer_A,Product_W,South,820,36,spike,medium,True,low_demand,6239,False
Dealer_B,Product_Z,North,519,51,drop,high,False,steady,5287,True
Dealer_A,Product_V,North,329,23,drop,high,True,high_demand,5298,True
Dealer_D,Product_W,South,652,79,spike,low,False,steady,5755,False
Dealer_E,Product_X,South,624,10,spike,low,False,low_demand,6714,False
Dealer_A,Product_V,North,519,51,drop,low,False,low_demand,5287,True
Dealer_C,Product_W,South,626,27,drop,low,False,low_demand,8144,True
Dealer_D,Product_X,West,873,40,spike,medium,False,high_demand,2957,False
Dealer_C,Product_Z,North,1345,40,normal,medium,False,low_demand,6475,True
Dealer_B,Product_V,Central,649,27,spike,low,False,low_demand,3641,True
Dealer_A,Product_W,North,519,51,drop,low,True,high_demand,5287,False
Dealer_A,Product_W,South,27,55,normal,high,True,high_demand,8715,False
Dealer_C,Product_V,North,363,51,normal,low,True,high_demand,8024,False
Dealer_C,Product_Z,South,819,82,drop,low,True,steady,431,False
Dealer_C,Product_Y,North,98,136,normal,medium,False,steady,879,True
Dealer_A,Product_W,East,139,61,normal,medium,True,low_demand,6331,True
Dealer_B,Product_Z,North,750,34,drop,high,True,low_demand,8613,True
Dealer_B,Product_W,Central,655,26,drop,low,False,high_demand,7226,False
Dealer_C,Product_X,East,353,51,spike,low,False,steady,9763,True
Dealer_A,Product_W,West,982,26,spike,high,False,high_demand,9086,True
Dealer_B,Product_Z,Central,901,6,normal,high,False,high_demand,5891,False
Dealer_D,Product_W,Central,811,23,drop,high,True,steady,5538,True
Dealer_A,Product_W,Central,143,40,drop,medium,True,high_demand,4665,True
Dealer_A,Product_Y,South,800,25,normal,medium,True,low_demand,8628,False
Dealer_D,Product_Z,Central,236,86,drop,low,False,low_demand,8432,False
Dealer_B,Product_X,Central,768,35,normal,medium,False,low_demand,1840,False
Dealer_C,Product_Z,West,623,91,spike,high,True,low_demand,5812,True
Dealer_B,Product_Y,West,520,70,normal,medium,False,low_demand,5298,False
Dealer_C,Product_X,West,995,4,normal,low,False,low_demand,5121,False
Dealer_B,Product_V,South,556,50,drop,medium,False,steady,9779,False
Dealer_E,Product_Y,South,462,63,normal,low,True,low_demand,2439,True
Dealer_D,Product_X,West,687,41,spike,medium,False,high_demand,9433,True
Dealer_E,Product_W,Central,521,93,normal,low,True,low_demand,4204,True
Dealer_D,Product_X,East,120,29,spike,medium,True,high_demand,5422,True
Dealer_A,Product_V,East,864,63,normal,medium,True,steady,2571,False
Dealer_A,Product_V,North,953,40,drop,low,False,low_demand,1903,True
Dealer_D,Product_W,South,180,10,normal,medium,False,high_demand,5298,False
Dealer_D,Product_W,Central,777,80,drop,low,False,steady,3104,False
Dealer_C,Product_V,West,692,51,spike,high,False,high_demand,9195,True
Dealer_C,Product_W,East,824,33,drop,low,True,low_demand,8238,True
Dealer_B,Product_X,East,243,95,normal,low,False,high_demand,8648,True
Dealer_B,Product_W,Central,378,62,spike,low,True,low_demand,3917,False
Dealer_E,Product_X,West,519,51,spike,low,False,high_demand,5287,True
Dealer_A,Product_Y,East,374,92,drop,medium,True,high_demand,1889,True
Dealer_B,Product_W,South,804,60,normal,medium,True,high_demand,9225,True
Dealer_D,Product_W,North,511,90,normal,low,False,low_demand,3969,True
Dealer_C,Product_X,West,519,51,spike,low,False,high_demand,5287,True
Dealer_D,Product_W,North,137,13,normal,medium,False,high_demand,4558,False
Dealer_E,Product_X,Central,520,56,normal,low,True,steady,763,False
Dealer_D,Product_Z,West,44,50,normal,low,False,low_demand,6704,True
Dealer_A,Product_W,East,671,72,normal,high,True,high_demand,4078,False
Dealer_B,Product_Y,North,41,33,spike,low,False,steady,3893,False
Dealer_C,Product_X,East,929,40,spike,medium,False,low_demand,5558,False
Dealer_A,Product_W,East,907,25,normal,low,True,steady,1741,True
Dealer_C,Product_X,Central,492,75,spike,medium,True,steady,2494,False
Dealer_B,Product_Z,West,18,63,drop,medium,False,low_demand,6581,True
Dealer_A,Product_Z,South,1345,36,drop,low,True,steady,8858,False
Dealer_D,Product_Z,North,491,51,spike,low,False,steady,817,False
Dealer_E,Product_X,Central,155,8,normal,low,False,low_demand,2484,True
Dealer_B,Product_W,North,520,96,spike,high,False,low_demand,8210,True
Dealer_B,Product_Z,Central,718,23,normal,medium,True,low_demand,3046,False
Dealer_D,Product_V,West,165,95,drop,medium,True,high_demand,146,True
Dealer_A,Product_W,South,485,90,drop,high,True,steady,5131,True
Dealer_E,Product_V,North,216,41,drop,high,False,steady,9886,True
Dealer_D,Product_Z,East,889,18,normal,high,False,high_demand,8208,False
Dealer_A,Product_V,North,604,53,drop,low,True,low_demand,1188,False
Dealer_D,Product_Y,North,520,56,spike,high,False,high_demand,5298,False
Dealer_A,Product_W,South,762,91,drop,high,False,high_demand,8239,False
Dealer_D,Product_W,South,944,15,drop,low,False,steady,5104,False
Dealer_C,Product_Z,South,694,81,drop,medium,True,steady,576,False
Dealer_D,Product_X,Central,779,53,normal,medium,False,high_demand,8027,True
Dealer_A,Product_X,East,925,88,normal,medium,True,steady,3951,False
Dealer_B,Product_V,Central,848,72,spike,low,False,low_demand,5298,False
Dealer_C,Product_X,West,896,84,normal,low,True,low_demand,1501,True
Dealer_C,Product_V,South,943,48,normal,low,False,high_demand,5298,True
Dealer_E,Product_W,West,519,51,drop,high,False,steady,5287,False
Dealer_E,Product_V,North,825,1,drop,medium,True,low_demand,6833,False
Dealer_A,Product_V,Central,738,67,drop,medium,False,low_demand,2243,True
Dealer_D,Product_V,North,347,87,normal,low,True,high_demand,7263,True
Dealer_B,Product_Y,East,595,72,spike,high,True,low_demand,6361,False
Dealer_A,Product_W,South,714,92,normal,low,True,steady,8513,False
Dealer_E,Product_W,South,375,59,normal,high,True,steady,4530,True
Dealer_E,Product_W,West,421,3,spike,low,True,high_demand,3261,False
Dealer_B,Product_Z,North,576,89,spike,high,True,low_demand,2475,False
Dealer_D,Product_X,East,339,87,spike,low,True,high_demand,5530,False
Dealer_A,Product_X,Central,440,16,normal,medium,True,low_demand,5459,False
Dealer_A,Product_W,Central,235,74,drop,low,False,low_demand,3133,True
Dealer_E,Product_X,South,595,34,drop,low,True,low_demand,3415,False
Dealer_E,Product_W,West,519,51,spike,low,True,low_demand,5287,False
Dealer_A,Product_X,West,915,12,normal,low,False,high_demand,1411,True
Dealer_E,Product_Z,West,859,87,spike,medium,False,low_demand,2869,True
Dealer_C,Product_Y,East,655,12,drop,high,False,low_demand,5298,False
Dealer_A,Product_X,North,125,11,spike,low,True,low_demand,6526,True
Dealer_E,Product_V,North,520,49,drop,high,False,low_demand,6858,True
Dealer_D,Product_Z,West,445,24,normal,medium,False,low_demand,9518,True
Dealer_A,Product_Z,North,861,4,spike,high,False,steady,1873,True
Dealer_D,Product_X,South,755,23,drop,medium,False,low_demand,7818,False
Dealer_A,Product_Z,West,520,65,drop,high,False,steady,8560,False
Dealer_A,Product_V,Central,230,52,drop,medium,True,low_demand,9559,False
Dealer_D,Product_Y,South,340,96,drop,medium,False,low_demand,5473,False
Dealer_A,Product_W,Central,761,63,normal,medium,False,high_demand,8512,False
Dealer_A,Product_Z,South,535,17,spike,medium,False,low_demand,7744,False
Dealer_D,Product_Z,Central,441,38,spike,medium,False,steady,9075,True
Dealer_D,Product_W,West,182,82,normal,medium,False,low_demand,8965,True
Dealer_B,Product_W,South,519,51,drop,low,True,low_demand,5287,True
Dealer_A,Product_X,West,195,65,spike,high,False,steady,6298,True
Dealer_C,Product_Y,Central,362,47,normal,low,False,low_demand,2370,True
Dealer_A,Product_Y,South,765,8,spike,low,False,steady,9126,False
Dealer_C,Product_Y,East,227,77,drop,low,True,low_demand,7901,True
Dealer_A,Product_Y,East,149,55,drop,high,False,high_demand,2029,False
Dealer_E,Product_Y,South,571,57,drop,low,True,steady,3230,False
Dealer_D,Product_W,Central,531,8,drop,medium,True,high_demand,5839,True
Dealer_C,Product_W,Central,90,22,drop,low,False,low_demand,9984,False
Dealer_B,Product_V,Central,879,99,drop,high,True,low_demand,6249,True
Dealer_A,Product_W,West,907,44,spike,medium,True,low_demand,6130,False
Dealer_A,Product_W,Central,188,44,spike,medium,True,low_demand,5098,True
Dealer_A,Product_Z,North,520,40,drop,low,True,high_demand,6031,False
Dealer_D,Product_Z,Central,663,79,normal,low,True,steady,8750,True
Dealer_C,Product_X,South,126,17,normal,medium,False,steady,8951,True
Dealer_A,Product_Z,East,168,15,drop,medium,False,high_demand,5722,True
Dealer_C,Product_Y,Central,251,17,normal,low,True,low_demand,5298,False
Dealer_C,Product_Z,North,58,87,normal,medium,False,high_demand,8994,False
Dealer_D,Product_V,Central,652,89,drop,medium,True,low_demand,8501,True
Dealer_A,Product_W,South,520,91,spike,medium,False,low_demand,6715,True
Dealer_C,Product_Z,North,687,7,normal,low,True,steady,332,True
Dealer_C,Product_Z,South,107,87,normal,medium,False,steady,6034,False
Dealer_C,Product_Y,Central,170,61,drop,medium,True,low_demand,6427,True
Dealer_D,Product_Z,Central,213,58,drop,low,True,steady,4764,True
Dealer_A,Product_W,North,405,76,drop,high,True,high_demand,9555,True
Dealer_A,Product_Z,Central,583,61,normal,medium,False,steady,2564,False
Dealer_C,Product_W,North,459,64,drop,low,False,steady,5137,False
Dealer_B,Product_V,West,426,60,spike,high,True,steady,6489,True
Dealer_A,Product_W,North,519,51,drop,high,True,high_demand,5287,True
Dealer_C,Product_W,Central,983,56,drop,low,False,high_demand,7251,True
Dealer_C,Product_W,South,756,55,normal,high,True,steady,1116,True
Dealer_C,Product_X,Central,608,77,normal,low,False,high_demand,6665,False
Dealer_E,Product_V,North,230,55,normal,low,True,steady,1201,False
Dealer_D,Product_Y,Central,431,99,spike,high,True,low_demand,7039,True
Dealer_A,Product_V,South,1345,67,normal,high,True,low_demand,13546,False
Dealer_A,Product_W,Central,231,18,drop,high,True,low_demand,3680,True
Dealer_E,Product_V,Central,498,81,drop,high,True,high_demand,5531,True
Dealer_A,Product_W,East,947,72,spike,medium,False,high_demand,6983,False
Dealer_C,Product_Y,North,549,31,spike,medium,True,high_demand,3079,False
Dealer_A,Product_V,Central,626,89,spike,low,True,high_demand,2361,False
Dealer_E,Product_Y,West,564,78,drop,medium,False,steady,1641,False
Dealer_B,Product_Y,Central,636,51,spike,high,False,high_demand,2890,True
Dealer_E,Product_V,North,206,72,spike,medium,False,low_demand,7646,False
Dealer_B,Product_W,West,254,51,normal,medium,False,steady,853,True
Dealer_D,Product_W,Central,520,68,normal,low,False,steady,7908,False
Dealer_C,Product_Y,East,433,22,drop,medium,False,steady,749,True
Dealer_A,Product_X,East,512,29,spike,low,False,high_demand,1912,False
Dealer_C,Product_Y,West,198,87,drop,low,False,low_demand,2007,True
Dealer_C,Product_W,Central,49,42,spike,low,False,low_demand,7769,True
Dealer_B,Product_W,West,324,62,drop,medium,True,low_demand,4804,False
Dealer_E,Product_Z,West,727,74,drop,low,False,steady,8372,True
Dealer_A,Product_W,East,956,46,normal,high,True,low_demand,1475,False
Dealer_B,Product_X,North,240,51,normal,high,False,low_demand,9642,True
Dealer_B,Product_Y,Central,78,7,drop,medium,False,high_demand,3507,False
Dealer_D,Product_Y,North,505,24,normal,high,True,steady,2416,False
Dealer_C,Product_Y,East,479,90,normal,high,False,low_demand,4908,True
Dealer_A,Product_Y,Central,819,38,normal,low,True,steady,4722,False
Dealer_B,Product_X,East,549,75,drop,low,True,low_demand,9651,False
Dealer_A,Product_Z,East,420,55,normal,low,False,high_demand,1418,False
Dealer_C,Product_X,West,307,65,drop,medium,False,steady,6293,False
Dealer_A,Product_V,South,386,55,spike,high,False,high_demand,3412,True
Dealer_C,Product_Z,South,570,51,drop,low,False,low_demand,729,False
Dealer_E,Product_W,Central,961,55,drop,low,False,steady,7322,True
Dealer_B,Product_W,East,695,89,spike,medium,True,steady,2464,False
Dealer_C,Product_X,West,870,4,normal,medium,True,low_demand,2232,False
Dealer_B,Product_Z,Central,1345,11,drop,high,False,high_demand,5275,False
Dealer_E,Product_V,South,874,54,spike,medium,True,steady,7773,False
Dealer_E,Product_X,North,372,53,spike,low,False,low_demand,6243,False
Dealer_E,Product_X,South,904,99,drop,low,True,high_demand,7426,True
Dealer_E,Product_W,North,371,69,normal,high,False,low_demand,1107,True
Dealer_C,Product_Y,Central,230,47,drop,medium,True,high_demand,5367,False
Dealer_B,Product_X,South,519,51,drop,low,False,high_demand,5287,True
Dealer_E,Product_X,South,917,80,spike,high,True,steady,13546,True
Dealer_A,Product_W,Central,833,79,normal,low,True,high_demand,1600,True
Dealer_D,Product_X,North,76,48,drop,low,False,steady,3043,False
Dealer_B,Product_Z,East,328,14,normal,medium,False,steady,7939,True
Dealer_A,Product_W,Central,653,54,spike,high,True,low_demand,7298,False
Dealer_A,Product_W,West,774,97,drop,low,True,low_demand,2920,False
Dealer_A,Product_W,Central,563,33,spike,low,False,high_demand,1231,False
Dealer_C,Product_W,South,340,94,normal,medium,True,steady,5298,True
Dealer_C,Product_Z,Central,314,99,drop,medium,True,steady,2666,True
Dealer_A,Product_W,North,503,9,normal,high,True,low_demand,5298,True
Dealer_C,Product_Y,West,905,30,normal,high,True,low_demand,3624,True
Dealer_A,Product_W,South,192,51,normal,high,False,low_demand,5577,False
Dealer_D,Product_W,Central,557,43,normal,medium,False,steady,6543,False
Dealer_A,Product_W,Central,749,92,spike,high,False,high_demand,13546,True
Dealer_D,Product_X,Central,680,14,spike,medium,True,high_demand,1814,False
Dealer_C,Product_Z,Central,520,5,normal,low,True,high_demand,4495,False
Dealer_C,Product_Y,West,415,64,drop,high,False,high_demand,3555,False
Dealer_E,Product_Z,Central,905,89,drop,medium,False,high_demand,3365,True
Dealer_B,Product_V,Central,760,94,normal,high,True,steady,300,True
Dealer_A,Product_W,West,519,51,spike,low,True,low_demand,5287,True
Dealer_A,Product_Z,Central,285,28,drop,high,False,steady,5973,False
Dealer_C,Product_Z,West,755,10,normal,medium,True,low_demand,2200,True
Dealer_D,Product_V,East,390,98,spike,low,True,low_demand,3148,False
Dealer_B,Product_X,North,516,23,normal,low,True,low_demand,4321,True
Dealer_A,Product_W,North,726,48,spike,medium,False,high_demand,9590,True
Dealer_A,Product_Z,East,421,94,drop,high,True,high_demand,4099,True
Dealer_E,Product_X,Central,447,24,spike,high,False,steady,8508,True
Dealer_C,Product_W,North,521,51,normal,medium,False,steady,283,False
Dealer_A,Product_Z,Central,207,29,spike,medium,True,steady,5181,False
Dealer_D,Product_V,West,201,90,drop,medium,True,low_demand,4846,True
Dealer_E,Product_V,North,386,40,normal,low,True,low_demand,8858,False
Dealer_B,Product_V,West,496,79,drop,high,True,high_demand,5406,True
Dealer_C,Product_Z,Central,520,49,spike,low,True,steady,3450,False
Dealer_A,Product_W,East,466,9,drop,low,False,high_demand,6683,False
Dealer_C,Product_X,West,412,23,spike,high,False,steady,5754,True
Dealer_C,Product_Z,East,173,9,drop,low,False,low_demand,3989,True
Dealer_E,Product_W,Central,228,65,spike,medium,True,high_demand,2053,False
Dealer_A,Product_W,South,679,17,drop,high,False,high_demand,776,False
Dealer_C,Product_W,North,519,51,normal,medium,False,high_demand,5287,True
Dealer_B,Product_V,South,433,51,spike,low,True,steady,3915,False
Dealer_B,Product_Z,West,49,95,drop,medium,False,high_demand,7891,False
Dealer_B,Product_Y,East,830,36,drop,medium,True,low_demand,6135,False
Dealer_D,Product_W,East,1345,22,drop,medium,True,steady,211,True
Dealer_B,Product_W,Central,284,9,normal,low,True,low_demand,1038,True
Dealer_B,Product_X,Central,562,5,normal,high,False,low_demand,2563,True
Dealer_E,Product_Y,East,520,91,drop,low,True,steady,6210,False
Dealer_A,Product_Y,North,519,51,drop,medium,False,low_demand,5287,False
Dealer_A,Product_Z,Central,780,40,drop,high,True,high_demand,3333,False
Dealer_E,Product_X,North,41,59,drop,high,True,steady,472,True
Dealer_B,Product_Z,Central,424,52,drop,high,True,steady,1592,False
Dealer_E,Product_Z,North,403,24,normal,low,True,high_demand,5929,False
Dealer_E,Product_V,Central,228,35,drop,high,True,high_demand,3669,True
Dealer_C,Product_Y,East,819,45,spike,low,False,high_demand,743,False
Dealer_A,Product_W,East,682,83,spike,low,False,steady,4115,True
Dealer_A,Product_V,South,629,78,normal,medium,False,high_demand,6352,False
Dealer_A,Product_W,East,1345,18,spike,medium,False,high_demand,5395,True
Dealer_B,Product_Y,West,43,84,spike,medium,True,steady,2840,False
Dealer_B,Product_V,South,1345,10,drop,medium,True,low_demand,9610,False
Dealer_E,Product_Z,West,519,51,spike,medium,True,steady,5287,True
Dealer_E,Product_V,South,537,32,normal,low,True,high_demand,6139,True
Dealer_C,Product_Z,Central,519,51,normal,low,False,high_demand,5287,True
Dealer_E,Product_Y,West,396,16,spike,high,True,steady,9345,True
Dealer_E,Product_W,Central,519,51,normal,medium,False,steady,5287,False
Dealer_C,Product_X,West,519,51,drop,medium,False,steady,5287,False
Dealer_C,Product_X,West,248,63,normal,low,False,steady,4236,True
Dealer_D,Product_V,South,429,95,spike,high,True,low_demand,316,True
Dealer_E,Product_Y,Central,256,70,normal,high,False,low_demand,7364,True
Dealer_D,Product_Y,North,239,41,drop,high,True,low_demand,2107,False
Dealer_C,Product_V,West,339,97,normal,low,False,steady,4694,False
Dealer_B,Product_Z,East,335,98,normal,medium,True,low_demand,4623,False
Dealer_E,Product_Z,Central,519,51,spike,high,True,high_demand,5287,True
Dealer_A,Product_X,Central,700,71,drop,high,False,steady,6986,False
Dealer_E,Product_Y,West,588,72,normal,medium,False,high_demand,7341,False
Dealer_A,Product_W,East,308,51,normal,high,False,low_demand,8377,True
Dealer_C,Product_W,East,455,12,drop,medium,True,low_demand,5298,True
Dealer_A,Product_W,Central,86,91,drop,high,True,high_demand,5332,False
Dealer_B,Product_X,South,112,56,spike,low,True,low_demand,4437,False
Dealer_A,Product_V,West,30,63,drop,low,False,low_demand,2943,False
Dealer_C,Product_V,Central,168,18,spike,high,True,low_demand,5464,True
Dealer_A,Product_W,South,10,99,spike,high,True,steady,4416,False
Dealer_D,Product_Z,Central,1345,78,drop,low,True,low_demand,9832,False
Dealer_E,Product_V,Central,289,42,spike,medium,False,steady,1900,False
Dealer_A,Product_Y,East,746,55,drop,high,True,steady,3367,True
Dealer_A,Product_W,Central,794,91,spike,low,False,low_demand,7781,False
Dealer_A,Product_Z,East,684,87,spike,medium,False,low_demand,8013,True
Dealer_E,Product_X,Central,185,40,normal,high,False,low_demand,7808,True
Dealer_E,Product_W,South,946,27,spike,low,True,steady,307,True
Dealer_E,Product_W,West,520,96,spike,low,False,steady,9161,True
Dealer_A,Product_Z,South,277,45,normal,low,True,low_demand,9723,True
Dealer_A,Product_X,Central,917,59,normal,medium,False,low_demand,5217,True
Dealer_D,Product_X,East,519,51,spike,low,False,low_demand,5287,False
Dealer_A,Product_Y,Central,140,26,normal,medium,False,steady,6710,False
Dealer_C,Product_Y,West,520,71,drop,low,True,high_demand,2762,False
Dealer_D,Product_V,East,18,94,normal,medium,False,high_demand,7095,True
Dealer_D,Product_X,Central,874,49,normal,low,True,low_demand,1665,False
Dealer_B,Product_W,Central,845,51,spike,low,False,steady,5298,True
Dealer_B,Product_W,South,93,36,normal,low,False,low_demand,692,True
Dealer_E,Product_Z,West,520,57,drop,low,True,high_demand,2844,False
Dealer_D,Product_X,Central,102,7,drop,high,False,high_demand,3884,False
Dealer_D,Product_W,North,878,19,normal,medium,False,low_demand,1586,False
Dealer_B,Product_X,North,976,94,spike,low,False,low_demand,1215,False
Dealer_B,Product_W,West,786,70,normal,medium,True,high_demand,1533,False
Dealer_B,Product_X,North,459,51,normal,low,True,high_demand,6966,False
Dealer_A,Product_W,North,520,74,spike,high,True,high_demand,4671,False
Dealer_A,Product_X,South,440,18,normal,medium,False,high_demand,9393,True
Dealer_D,Product_W,South,593,49,spike,high,False,low_demand,9861,False
Dealer_C,Product_W,Central,334,42,drop,low,False,steady,9943,True
Dealer_C,Product_Y,North,892,19,drop,high,True,steady,8740,True
Dealer_E,Product_W,Central,468,6,drop,high,False,low_demand,3394,True
Dealer_A,Product_W,West,997,21,normal,high,True,low_demand,8963,False
Dealer_C,Product_V,Central,930,18,drop,low,False,high_demand,1001,False
Dealer_E,Product_V,Central,310,55,normal,medium,False,high_demand,5298,False
Dealer_A,Product_W,Central,786,87,drop,low,True,high_demand,1745,True
Dealer_A,Product_Z,Central,616,53,normal,medium,True,low_demand,7591,False
Dealer_A,Product_Z,South,912,12,spike,low,True,steady,3149,False
Dealer_C,Product_X,North,994,51,spike,low,False,low_demand,6351,False
Dealer_E,Product_Y,North,842,73,drop,medium,True,steady,2108,False
Dealer_D,Product_V,West,837,80,normal,medium,False,high_demand,4704,False
Dealer_E,Product_X,West,313,26,drop,medium,False,steady,687,True
Dealer_C,Product_V,East,701,8,normal,high,False,steady,2843,False
Dealer_C,Product_Y,West,618,76,normal,low,False,steady,4879,False
Dealer_E,Product_W,East,534,21,normal,high,False,steady,4966,True
Dealer_D,Product_V,North,204,92,spike,low,True,low_demand,7580,False
Dealer_B,Product_V,East,119,51,spike,low,False,low_demand,3065,False
Dealer_E,Product_W,North,468,3,spike,medium,True,low_demand,1975,True
Dealer_B,Product_V,East,233,77,spike,medium,True,high_demand,6018,False
Dealer_B,Product_Y,North,302,40,drop,medium,False,steady,5298,False
Dealer_C,Product_W,Central,438,82,normal,low,True,low_demand,8992,True
Dealer_D,Product_W,South,453,14,spike,high,False,low_demand,9705,True
Dealer_E,Product_V,North,235,57,normal,low,True,steady,768,False
Dealer_A,Product_Z,West,826,86,normal,low,False,low_demand,8137,False
Dealer_E,Product_Z,Central,177,57,spike,low,True,low_demand,4069,False
Dealer_D,Product_W,Central,26,83,normal,high,True,high_demand,1744,True
Dealer_D,Product_Y,East,651,91,normal,high,False,high_demand,5298,False
Dealer_C,Product_Y,North,136,34,drop,high,False,high_demand,2812,False
Dealer_A,Product_X,North,188,90,drop,high,False,low_demand,6594,False
Dealer_C,Product_V,South,682,18,drop,low,True,steady,3004,False
Dealer_A,Product_W,North,825,12,normal,medium,False,low_demand,3903,True
Dealer_A,Product_V,West,520,34,spike,medium,False,high_demand,3598,False
Dealer_B,Product_X,East,983,70,spike,low,True,steady,2324,False
Dealer_E,Product_Y,West,842,37,spike,low,True,high_demand,5565,True
Dealer_D,Product_V,South,520,91,drop,medium,True,low_demand,9428,False
Dealer_E,Product_V,West,147,31,spike,low,True,high_demand,7396,True
Dealer_A,Product_W,West,424,94,drop,high,False,low_demand,3409,False
Dealer_A,Product_W,Central,825,57,spike,low,True,high_demand,1253,True
Dealer_A,Product_W,East,373,85,spike,low,True,high_demand,9932,True
Dealer_A,Product_W,South,714,4,spike,high,False,steady,1662,False
Dealer_A,Product_V,East,513,53,spike,medium,True,low_demand,5298,True
Dealer_E,Product_W,West,866,80,spike,medium,False,high_demand,658,True
Dealer_D,Product_Z,West,809,32,normal,medium,False,low_demand,3165,False
Dealer_B,Product_W,West,520,44,spike,low,False,low_demand,9510,True
Dealer_B,Product_Z,East,764,43,spike,medium,False,high_demand,7146,True
Dealer_B,Product_Z,North,519,51,drop,medium,False,low_demand,5287,True
Dealer_B,Product_Y,South,46,47,spike,high,False,low_demand,1287,True
Dealer_D,Product_Y,South,726,5,drop,high,True,low_demand,1281,False
Dealer_D,Product_Y,Central,978,90,drop,medium,False,steady,2394,True
Dealer_D,Product_X,South,44,80,spike,medium,True,low_demand,8883,True
Dealer_E,Product_Y,East,530,2,drop,medium,True,high_demand,2089,True
Dealer_D,Product_Z,North,519,51,normal,high,True,low_demand,5287,False
Dealer_E,Product_X,South,125,35,spike,medium,True,steady,8614,True
Dealer_C,Product_V,West,886,19,spike,high,True,low_demand,4384,True
Dealer_B,Product_W,West,396,40,drop,low,True,low_demand,8598,True
Dealer_E,Product_Z,Central,283,23,drop,low,False,low_demand,9014,False
Dealer_C,Product_V,East,417,89,spike,high,True,steady,4227,True
Dealer_D,Product_Z,South,801,2,spike,high,True,low_demand,2663,True
Dealer_B,Product_Y,West,976,34,normal,low,False,high_demand,4451,True
Dealer_A,Product_X,East,744,34,drop,low,True,low_demand,13546,False
Dealer_E,Product_W,Central,380,36,drop,high,False,high_demand,7542,True
Dealer_A,Product_W,South,998,42,spike,medium,True,low_demand,5690,False
Dealer_A,Product_V,West,930,77,spike,high,False,high_demand,6610,True
Dealer_A,Product_W,Central,682,51,drop,medium,False,high_demand,6580,False
Dealer_A,Product_W,North,911,77,drop,medium,False,steady,5050,True
Dealer_B,Product_Z,East,1345,70,drop,medium,True,steady,8256,False
Dealer_C,Product_Y,North,801,47,drop,medium,False,low_demand,13546,False
Dealer_B,Product_X,North,187,92,drop,medium,True,steady,4665,True
Dealer_B,Product_X,Central,519,51,normal,low,True,low_demand,5287,False
Dealer_A,Product_Z,North,703,92,spike,medium,False,high_demand,2073,True
Dealer_C,Product_Z,North,576,51,drop,medium,False,steady,6614,True
Dealer_A,Product_V,North,344,56,drop,low,False,steady,5490,True
Dealer_E,Product_V,West,862,36,normal,medium,True,low_demand,9716,True
Dealer_B,Product_Z,South,86,1,normal,medium,False,steady,3747,True
Dealer_B,Product_Y,North,43,35,normal,high,False,high_demand,1780,False
Dealer_C,Product_W,Central,888,4,normal,medium,False,high_demand,5298,False
Dealer_D,Product_X,Central,519,51,normal,medium,False,high_demand,5287,True
Dealer_A,Product_X,Central,523,1,normal,medium,True,steady,8464,True
Dealer_A,Product_W,East,39,27,spike,medium,False,low_demand,3021,True
Dealer_B,Product_V,Central,777,30,drop,low,False,low_demand,7458,False
Dealer_A,Product_Y,West,193,2,normal,high,False,low_demand,1386,True
Dealer_C,Product_V,East,25,38,normal,high,True,high_demand,2255,False
Dealer_B,Product_X,South,261,39,normal,low,False,steady,2418,True
Dealer_A,Product_Y,Central,995,70,spike,low,True,steady,6111,True
Dealer_B,Product_W,South,238,55,spike,low,False,low_demand,5298,True
Dealer_B,Product_V,North,520,22,drop,high,True,high_demand,13546,False
Dealer_A,Product_W,South,342,31,drop,low,False,high_demand,9603,True
Dealer_C,Product_V,Central,112,28,spike,high,True,steady,3404,True
Dealer_E,Product_Z,East,778,74,drop,high,False,low_demand,167,False
Dealer_A,Product_W,North,741,42,drop,medium,False,low_demand,8324,True
Dealer_C,Product_W,North,828,3,drop,low,False,high_demand,9892,True
Dealer_A,Product_Y,Central,519,51,normal,low,True,high_demand,5287,False
Dealer_C,Product_W,East,290,26,normal,medium,True,high_demand,3354,True
Dealer_E,Product_V,Central,962,41,normal,low,True,steady,3175,True
Dealer_C,Product_W,Central,185,45,spike,low,False,low_demand,2075,True
Dealer_C,Product_X,Central,319,47,spike,medium,True,high_demand,2002,False
Dealer_E,Product_Z,Central,727,51,normal,medium,True,low_demand,5567,True
Dealer_C,Product_W,Central,392,79,drop,high,True,low_demand,8203,True
Dealer_A,Product_V,East,758,90,normal,low,True,steady,8511,True
Dealer_C,Product_Y,Central,163,78,normal,high,True,steady,8155,True
Dealer_C,Product_V,North,335,90,normal,low,True,low_demand,4881,False
Dealer_C,Product_X,North,779,51,normal,low,True,low_demand,1146,True
Dealer_D,Product_X,West,171,86,drop,medium,False,low_demand,5298,False
Dealer_D,Product_W,Central,86,55,drop,medium,True,low_demand,3520,True
Dealer_C,Product_X,South,471,12,normal,high,True,high_demand,8844,True
Dealer_C,Product_X,West,55,48,spike,low,False,low_demand,4693,True
Dealer_E,Product_Z,East,754,20,drop,medium,True,steady,8709,True
Dealer_E,Product_W,South,678,49,spike,medium,False,high_demand,3080,True
Dealer_A,Product_W,South,565,68,spike,low,True,steady,4707,True
Dealer_B,Product_V,East,599,87,drop,high,False,low_demand,9982,True
Dealer_D,Product_W,East,209,78,drop,high,False,high_demand,822,False
Dealer_C,Product_W,South,520,36,normal,low,True,steady,5766,True
Dealer_E,Product_Y,Central,415,40,drop,high,False,low_demand,361,False
Dealer_A,Product_V,West,39,2,spike,low,False,high_demand,5291,True
Dealer_A,Product_W,East,459,4,drop,high,True,high_demand,1881,True
Dealer_B,Product_V,South,112,49,drop,medium,True,high_demand,3169,True
Dealer_B,Product_Z,East,855,16,normal,high,False,high_demand,9311,False
Dealer_E,Product_Z,Central,123,51,spike,medium,False,high_demand,5244,True
Dealer_D,Product_W,North,180,72,spike,high,False,low_demand,4062,True
Dealer_A,Product_W,Central,237,53,drop,high,False,low_demand,3949,True
Dealer_B,Product_W,West,554,83,drop,high,False,high_demand,4141,True
Dealer_A,Product_Z,Central,335,98,normal,high,False,steady,5298,True
Dealer_D,Product_Y,South,97,88,drop,low,True,high_demand,9033,False
Dealer_A,Product_X,Central,825,92,spike,high,False,high_demand,2205,False
Dealer_B,Product_Y,South,228,51,spike,medium,False,high_demand,9533,False
Dealer_A,Product_V,Central,258,28,drop,low,False,low_demand,3956,True
Dealer_B,Product_Y,South,807,92,normal,medium,True,high_demand,7536,False
Dealer_A,Product_W,South,872,13,normal,low,True,high_demand,6854,True
Dealer_D,Product_W,East,930,51,spike,medium,True,low_demand,3350,True
Dealer_C,Product_Z,South,519,51,normal,high,False,steady,5287,True
Dealer_D,Product_V,East,762,49,spike,high,False,steady,6827,False
Dealer_A,Product_W,North,673,1,drop,high,False,high_demand,5150,True
Dealer_B,Product_Z,Central,329,81,drop,medium,True,steady,1964,True
Dealer_D,Product_V,Central,855,33,drop,low,True,low_demand,6286,False
Dealer_C,Product_W,East,374,83,normal,high,True,steady,7337,False
Dealer_D,Product_X,East,467,61,spike,high,False,steady,5132,True
Dealer_A,Product_W,Central,405,2,drop,medium,False,low_demand,687,False
Dealer_C,Product_Y,North,519,51,spike,low,False,steady,5287,False
Dealer_C,Product_V,South,21,53,drop,low,False,steady,2181,True
Dealer_A,Product_V,North,520,74,spike,high,True,high_demand,4671,False
Dealer_A,Product_Z,Central,354,33,drop,medium,False,low_demand,5481,True
Dealer_A,Product_W,North,861,4,spike,high,False,steady,1873,True
Dealer_C,Product_Z,Central,405,2,drop,medium,False,low_demand,687,False
